ID,Nome,Categoria,Durata,Punti,Prezzo (EUR),Zona,Tipo Professionista,Descrizione
filler-acido-ialuronico,Filler Acido Ialuronico,Ringiovanimento Viso,30-45 min,60,300,Viso,Medico,"Iniezioni di acido ialuronico per volumizzare, correggere rughe o rimodellare contorni."
filler-idrossiapatite-calcio,Filler Idrossiapatite di Calcio (Radiesse),Ringiovanimento Viso,30-45 min,70,400,Viso,Medico,"Filler a base di idrossiapatite di calcio per volumizzare e stimolare la produzione di collagene."
filler-labbra,Filler Labbra,Ringiovanimento Viso,30 min,55,280,Labbra,Medico,"Aumento e definizione del volume delle labbra con acido ialuronico."
filler-zigomi,Filler Zigomi,Ringiovanimento Viso,30-45 min,60,350,Zigomi,Medico,"Volumizzazione e definizione degli zigomi per un effetto lifting naturale."
filler-mento,Filler Mento,Ringiovanimento Viso,30 min,55,300,Mento,Medico,"Rimodellamento del mento per un profilo più armonioso."
botox-tossina-botulinica,Botox (Tossina Botulinica),Ringiovanimento Viso,15-30 min,50,250,Viso,Medico,"Riduzione delle rughe dinamiche (fronte, zampe di gallina, glabella)."
botox-fronte,Botox Fronte,Ringiovanimento Viso,15-20 min,45,220,Fronte,Medico,"Trattamento specifico per le rughe orizzontali della fronte."
botox-perioculare,Botox perioculare,Ringiovanimento Viso,15-20 min,40,200,Contorno Occhi,Medico,"Trattamento delle rughe laterali agli occhi (zampe di gallina)."
botox-glabellare,Botox glabellare,Ringiovanimento Viso,15-20 min,40,200,Glabella,Medico,"Trattamento delle rughe tra le sopracciglia (rughe del leone)."
biostimolazione-biorivitalizzazione,Biostimolazione/Biorivitalizzazione,Ringiovanimento Viso,30-45 min,50,200,Viso,Medico,"Iniezioni di vitamine, aminoacidi o acido ialuronico per idratare e stimolare il collagene."
biorivitalizzazione-collo,Biorivitalizzazione Collo,Ringiovanimento Viso,30 min,45,180,Collo,Medico,"Trattamento rivitalizzante specifico per la pelle del collo."
biorivitalizzazione-decollete,Biorivitalizzazione Décolleté,Ringiovanimento Viso,30 min,45,180,Décolleté,Medico,"Rivitalizzazione della zona del décolleté per una pelle più tonica."
biorivitalizzazione-mani,Biorivitalizzazione Mani,Ringiovanimento Viso,20-30 min,40,150,Mani,Medico,"Ringiovanimento delle mani con trattamento biorivitalizzante."
skinbooster-viso,Skinbooster viso,Ringiovanimento Viso,30 min,55,250,Viso,Medico,"Idratazione profonda con acido ialuronico ad alta concentrazione."
peeling-chimico,Peeling Chimico,Ringiovanimento Viso,30-45 min,45,150,Viso,Medico,"Applicazione di acidi per esfoliare e migliorare texture, macchie e rughe."
microneedling,Microneedling,Ringiovanimento Viso,45-60 min,55,200,Viso,Medico,"Stimolazione della pelle con microaghi per favorire la rigenerazione."
prp-plasma-ricco-piastrine-viso,PRP Viso (Plasma Ricco di Piastrine),Ringiovanimento Viso,60-90 min,80,400,Viso,Medico,"Iniezioni di plasma autologo per stimolare la rigenerazione cutanea (Vampire Facial)."
laser-frazionato,Laser Frazionato (Fraxel),Ringiovanimento Viso,45-60 min,90,450,Viso,Medico,"Trattamento laser per migliorare texture, cicatrici e rughe."
radiofrequenza-viso,Radiofrequenza Viso,Ringiovanimento Viso,30-45 min,50,150,Viso,Medico/Estetista,"Stimolazione del collagene per un effetto lifting non chirurgico."
ultrasuoni-focalizzati-hifu,Ultrasuoni Focalizzati (HIFU),Ringiovanimento Viso,60-90 min,100,500,Viso,Medico,"Lifting non invasivo con ultrasuoni focalizzati ad alta intensità."
morpheus8,Morpheus8 (Needling con Radiofrequenza),Ringiovanimento Viso,45-60 min,95,480,Viso,Medico,"Combinazione di microneedling e radiofrequenza frazionata."
filler-naso,Filler naso,Ringiovanimento Viso,30-45 min,70,350,Naso,Medico,"Correzione non chirurgica del profilo nasale con filler."
fili-riassorbibili,Fili di Sospensione Riassorbibili,Ringiovanimento Viso,45-60 min,120,600,Viso,Medico,"Lifting non chirurgico con fili riassorbibili in PDO o PLLA."
acido-ialuronico-rughe,Acido Ialuronico Anti-Rughe,Ringiovanimento Viso,30 min,55,280,Viso,Medico,"Trattamento mirato delle rughe con acido ialuronico."
ialuronidasi,Ialuronidasi (Dissoluzione Filler),Ringiovanimento Viso,15-30 min,40,200,Viso,Medico,"Enzima per sciogliere l'acido ialuronico in caso di complicazioni."
laser-q-switched,Laser Q-Switched,Macchie e Iperpigmentazione,30-45 min,70,300,Viso/Corpo,Medico,"Rimozione di macchie scure, lentigo solari e trattamento del melasma."
luce-pulsata-ipl,Luce Pulsata (IPL),Macchie e Iperpigmentazione,30-45 min,50,180,Viso/Corpo,Medico/Estetista,"Trattamento per macchie solari, rosacea e capillari visibili."
peeling-schiarente,Peeling Schiarente,Macchie e Iperpigmentazione,30-45 min,45,150,Viso,Medico,"Peeling a base di acidi per schiarire le iperpigmentazioni."
crioterapia-macchie,Crioterapia Macchie,Macchie e Iperpigmentazione,15-30 min,35,100,Viso/Corpo,Medico,"Congelamento localizzato per trattare macchie o lesioni superficiali."
trattamento-melasma,Trattamento Melasma,Macchie e Iperpigmentazione,45-60 min,60,250,Viso,Medico,"Protocollo specifico per il trattamento del melasma."
criolipolisi,Criolipolisi (CoolSculpting),Trattamenti Corpo,60 min,100,500,Corpo,Medico,"Riduzione del grasso localizzato attraverso il congelamento controllato."
cavitazione,Cavitazione Estetica,Trattamenti Corpo,45-60 min,40,100,Corpo,Medico/Estetista,"Utilizzo di ultrasuoni a bassa frequenza per sciogliere il grasso."
mesoterapia-corpo,Mesoterapia Corpo,Trattamenti Corpo,30-45 min,50,180,Corpo,Medico,"Iniezioni di sostanze lipolitiche o drenanti per cellulite e adiposità."
radiofrequenza-corpo,Radiofrequenza Corpo,Trattamenti Corpo,45-60 min,45,120,Corpo,Medico/Estetista,"Rassodamento della pelle in zone come addome, cosce o braccia."
carbossiterapia,Carbossiterapia,Trattamenti Corpo,30-45 min,45,150,Corpo,Medico,"Iniezioni di CO2 per migliorare la circolazione e ridurre cellulite."
linfodrenaggio,Linfodrenaggio Manuale,Trattamenti Corpo,60 min,35,80,Corpo,Medico/Estetista,"Massaggio specifico per stimolare il drenaggio linfatico."
pressoterapia,Pressoterapia,Trattamenti Corpo,45 min,30,60,Gambe/Corpo,Medico/Estetista,"Stimolazione meccanica del drenaggio linfatico con pressione sequenziale."
trattamento-smagliature,Trattamento Smagliature,Trattamenti Corpo,45-60 min,60,200,Corpo,Medico,"Laser frazionato, microneedling o peeling per migliorare le smagliature."
trattamento-cellulite,Trattamento Cellulite,Trattamenti Corpo,60 min,50,150,Gambe/Glutei,Medico/Estetista,"Protocollo combinato per il trattamento della cellulite."
ems-sculpt,EMS Sculpt (Elettrostimolazione),Trattamenti Corpo,30 min,45,150,Addome/Glutei,Medico/Estetista,"Elettrostimolazione muscolare ad alta intensità per tonificare."
velashape,Velashape,Trattamenti Corpo,45 min,55,180,Corpo,Medico/Estetista,"Combinazione di infrarossi, radiofrequenza e aspirazione per cellulite."
endermologie,Endermologie (LPG),Trattamenti Corpo,45 min,40,100,Corpo,Medico/Estetista,"Massaggio meccanico con rulli motorizzati per stimolare la lipolisi."
intralipoterapia,Intralipoterapia,Trattamenti Corpo,30-45 min,60,250,Corpo,Medico,"Iniezioni di acido desossicolico per sciogliere il grasso localizzato."
prp-capelli,PRP Capelli,Capelli e Tricologia,60 min,80,400,Cuoio Capelluto,Medico,"Iniezioni di plasma ricco di piastrine per stimolare la ricrescita."
mesoterapia-capelli,Mesoterapia Capelli,Capelli e Tricologia,30-45 min,50,200,Cuoio Capelluto,Medico,"Iniezioni di nutrienti, vitamine e minerali per rinforzare i capelli."
laserterapia-capelli,Laserterapia Capelli (LLLT),Capelli e Tricologia,30 min,40,100,Cuoio Capelluto,Medico,"Stimolazione dei follicoli con laser a bassa intensità."
tricopigmentazione,Tricopigmentazione,Capelli e Tricologia,2-3 ore,100,500,Cuoio Capelluto,Estetista,"Micropigmentazione del cuoio capelluto per simulare l'effetto capelli rasati."
trattamento-alopecia,Trattamento Alopecia,Capelli e Tricologia,60 min,70,300,Cuoio Capelluto,Medico,"Protocollo medico completo per il trattamento dell'alopecia."
laser-vascolare,Laser Vascolare,Inestetismi Specifici,30-45 min,60,250,Viso/Corpo,Medico,"Trattamento di capillari rotti, angiomi e teleangectasie."
scleroterapia,Scleroterapia,Inestetismi Specifici,30-45 min,55,200,Gambe,Medico,"Iniezioni di sostanza sclerosante per eliminare vene varicose superficiali."
rimozione-nei,Rimozione Nei,Inestetismi Specifici,15-30 min,40,150,Viso/Corpo,Medico,"Rimozione di nei benigni con tecniche chirurgiche o laser."
rimozione-verruche,Rimozione Verruche,Inestetismi Specifici,15-30 min,30,100,Viso/Corpo,Medico,"Rimozione di verruche con crioterapia, laser o elettrocoagulazione."
rimozione-xantelasmi,Rimozione Xantelasmi,Inestetismi Specifici,30-45 min,50,200,Palpebre,Medico,"Rimozione delle placche giallastre intorno agli occhi con laser o chirurgia."
trattamento-couperose,Trattamento Couperose,Inestetismi Specifici,30-45 min,50,180,Viso,Medico,"Trattamento dei rossori diffusi e dei capillari dilatati del viso."
microdermoabrasione,Microdermoabrasione,Estetica Avanzata,30-45 min,35,80,Viso,Medico/Estetista,"Esfoliazione meccanica con microcristalli per migliorare la texture della pelle."
ossigenoterapia,Ossigenoterapia Viso,Estetica Avanzata,45 min,40,100,Viso,Medico/Estetista,"Infusione di ossigeno puro per idratare e rivitalizzare la pelle."
elettroporazione,Elettroporazione,Estetica Avanzata,30-45 min,40,100,Viso,Medico/Estetista,"Introduzione di principi attivi tramite impulsi elettrici."
trattamenti-led,Trattamenti con LED,Estetica Avanzata,30 min,30,70,Viso,Medico/Estetista,"Fotobiomodulazione con luce LED per rigenerazione o trattare acne."
epilazione-laser,Epilazione Laser,Estetica Avanzata,15-60 min,40,80,Viso/Corpo,Medico/Estetista,"Rimozione permanente dei peli superflui con tecnologia laser."
epilazione-luce-pulsata,Epilazione Luce Pulsata,Estetica Avanzata,15-60 min,35,60,Viso/Corpo,Medico/Estetista,"Rimozione permanente dei peli con luce pulsata intensa (IPL)."
micropigmentazione-sopracciglia,Micropigmentazione Sopracciglia,Estetica Avanzata,2-3 ore,70,350,Sopracciglia,Estetista,"Trucco semipermanente per sopracciglia con tecnica pelo per pelo."
microblading,Microblading,Estetica Avanzata,2-3 ore,75,380,Sopracciglia,Estetista,"Tecnica manuale di micropigmentazione per sopracciglia effetto naturale."
micropigmentazione-labbra,Micropigmentazione Labbra,Estetica Avanzata,2-3 ore,70,350,Labbra,Estetista,"Trucco semipermanente per definire e colorare le labbra."
micropigmentazione-eyeliner,Micropigmentazione Eyeliner,Estetica Avanzata,2-3 ore,65,300,Occhi,Estetista,"Trucco semipermanente per definire lo sguardo con eyeliner."
laminazione-ciglia,Laminazione Ciglia,Estetica Avanzata,60-90 min,35,80,Ciglia,Estetista,"Trattamento per incurvare, nutrire e volumizzare le ciglia."
laminazione-sopracciglia,Laminazione Sopracciglia,Estetica Avanzata,45-60 min,30,60,Sopracciglia,Estetista,"Trattamento per disciplinare e nutrire le sopracciglia."
dermoveicolazione-transdermica,Dermoveicolazione Transdermica,Estetica Avanzata,45-60 min,45,120,Viso/Corpo,Medico/Estetista,"Veicolazione di principi attivi attraverso la pelle senza aghi."
hydrafacial,Hydrafacial,Tecnologie Innovative,45-60 min,65,180,Viso,Medico/Estetista,"Pulizia profonda, esfoliazione e idratazione con dispositivo brevettato."
endolift,Endolift,Tecnologie Innovative,60-90 min,110,600,Viso/Corpo,Medico,"Laser non chirurgico a fibra sottile per rassodare e rimodellare."
thermage,Thermage,Tecnologie Innovative,60-90 min,120,800,Viso/Corpo,Medico/Estetista,"Radiofrequenza monopolare avanzata per un effetto lifting duraturo."
bbl-broadband-light,BBL (BroadBand Light),Tecnologie Innovative,30-45 min,80,350,Viso/Corpo,Medico,"Luce a banda larga per trattare invecchiamento, macchie e acne."
tixel,Tixel,Tecnologie Innovative,30-45 min,70,300,Viso,Medico,"Tecnologia termica controllata per migliorare texture e rughe."
enzimi-pb-serum,Enzimi (PB Serum),Tecnologie Innovative,45-60 min,60,200,Viso/Corpo,Medico,"Enzimi specifici per collagenasi, riduzione grasso e cicatrici."
laser-co2-frazionato,Laser CO2 Frazionato,Tecnologie Innovative,45-60 min,95,450,Viso/Corpo,Medico,"Resurfacing cutaneo avanzato per cicatrici e rughe profonde."
laser-ndyag,Laser Nd:YAG,Tecnologie Innovative,30-45 min,65,250,Viso/Corpo,Medico,"Laser versatile per trattamenti vascolari ed epilazione su pelli scure."
epilazione-laser-diodo,Epilazione Laser Diodo,Depilazione Definitiva,15-60 min,40,80,Viso/Corpo,Medico/Estetista,"Epilazione definitiva efficace su tutti i tipi di pelle."
epilazione-laser-alexandrite,Epilazione Laser Alexandrite,Depilazione Definitiva,15-60 min,45,100,Viso/Corpo,Medico,"Epilazione con laser alexandrite, ideale per pelli chiare."
elettrodepilazione,Elettrodepilazione,Depilazione Definitiva,30-60 min,35,70,Viso/Corpo,Estetista,"Rimozione permanente dei peli uno ad uno, indicata per peli bianchi."
trattamento-acne,Trattamento Acne,Dermatologia,45-60 min,50,150,Viso,Medico/Estetista,"Protocollo completo: peeling, LED blu, pulizia profonda."
rimozione-tatuaggi,Rimozione Tatuaggi,Dermatologia,15-45 min,70,200,Corpo,Medico,"Rimozione di tatuaggi con laser Q-switched."
trattamento-iperidrosi,Trattamento Iperidrosi (Botox),Dermatologia,30-45 min,80,400,Ascelle/Mani/Piedi,Medico,"Iniezioni di tossina botulinica per bloccare la sudorazione eccessiva."
trattamento-cicatrici,Trattamento Cicatrici,Dermatologia,45-60 min,65,250,Viso/Corpo,Medico,"Trattamento con laser, microneedling o filler."
trattamento-psoriasi,Trattamento Psoriasi,Dermatologia,30-45 min,50,180,Corpo,Medico,"Fototerapia e trattamenti topici per gestire i sintomi."
trattamento-vitiligine,Trattamento Vitiligine,Dermatologia,30-45 min,55,200,Corpo,Medico,"Fototerapia UVB per stimolare la ripigmentazione."
asportazione-nei-dermatologica,Asportazione Nei Dermatologica,Dermatologia,20-30 min,45,150,Viso/Corpo,Medico,"Rimozione chirurgica di nei sospetti con esame istologico."
laserterapia-dermatologica,Laserterapia Dermatologica,Dermatologia,30-45 min,60,220,Viso/Corpo,Medico,"Trattamento di varie patologie cutanee con tecnologia laser."
